person_id,arrest_id_current,age_at_arrest,sex,race,arrest_date_current,y,current_charge_felony,num_fel_arrests_last_year
1788,5879415,46.961643835616435,M,,2017-04-17,0,1,0
1901,5159413,53.865753424657534,M,mixed,2017-09-18,0,0,0
2003,3551844,53.465753424657535,M,Black,2018-06-22,0,1,0
2326,7591648,31.378082191780823,M,Black,2016-01-06,1,0,1
2569,5294945,23.389041095890413,M,Black,2017-08-25,0,0,0
2743,5728038,19.27123287671233,M,Black,2017-05-26,1,0,0
2778,4871957,29.649315068493152,M,mixed,2017-11-05,0,0,0
2870,3819130,38.43835616438356,M,White,2018-05-04,0,0,0
3484,7383051,38.0,M,Black,2016-03-06,0,0,0
3909,6370773,47.172602739726024,M,White,2016-12-01,1,1,1
4741,4609251,33.49589041095891,M,White,2017-12-21,1,0,1
4931,2500555,18.38082191780822,M,Black,2018-12-21,0,0,0
4981,6982985,37.38082191780822,M,White,2016-06-05,0,0,1
5400,4292218,27.21917808219178,M,Black,2018-02-22,1,0,0
5684,3668551,45.38356164383562,M,White,2018-06-01,0,0,0
6614,5913001,25.3972602739726,M,White,2017-04-09,0,1,0
6851,4635194,26.76986301369863,M,White,2017-12-16,0,0,0
7833,2827385,40.71232876712329,F,Black,2018-10-21,0,0,0
8089,4652942,22.35890410958904,M,Black,2017-12-12,0,0,2
8778,7307141,34.32876712328767,M,Black,2016-03-26,1,1,2
8819,5059344,42.56438356164384,M,Black,2017-10-05,1,1,0
8933,6494293,50.36164383561644,M,Black,2016-10-26,1,1,0
9003,6872176,33.45753424657534,F,Black,2016-07-06,1,1,0
9044,3076203,21.186301369863013,M,Black,2018-09-04,0,0,4
9102,4983747,24.898630136986306,M,Black,2017-10-19,1,1,1
9523,3126179,27.695890410958903,M,Black,2018-08-26,0,1,0
10066,7398258,45.61917808219178,M,Black,2016-03-01,0,0,0
10071,5792197,21.95890410958904,M,Black,2017-05-09,0,0,0
10237,3013712,26.4986301369863,M,Black,2018-09-16,0,0,0
10779,5329404,29.783561643835615,F,Black,2017-08-19,0,0,0
11297,6214564,48.983561643835614,M,Black,2017-01-20,0,0,0
11885,5223686,39.12876712328767,M,Black,2017-09-09,1,1,0
11936,7158353,60.92602739726028,M,Black,2016-05-05,1,0,0
12352,4334398,19.084931506849315,M,Black,2018-02-14,1,1,1
12751,4435364,26.40821917808219,M,Black,2018-01-27,1,0,1
13178,6641052,20.01095890410959,M,Black,2016-09-13,1,1,0
13592,7357500,33.413698630136984,M,Black,2016-03-13,0,0,0
13605,7137668,44.14520547945205,F,Asian,2016-05-11,0,0,0
13665,6053662,47.84109589041096,M,Black,2017-03-02,0,0,0
14260,12005344,19.30958904109589,M,,2018-01-15,0,0,0
14413,6275936,41.59178082191781,F,White,2017-01-04,0,0,0
14773,6072762,28.04383561643836,M,White,2017-02-25,0,1,0
14780,11966928,22.197260273972603,M,White,2016-04-12,0,0,0
14836,5627332,26.013698630136982,M,White,2017-06-18,0,0,0
15177,5497906,40.90958904109589,M,Black,2017-07-17,0,1,0
15340,5697246,39.5972602739726,M,White,2017-05-31,1,0,1
15353,3039691,34.391780821917806,F,White,2018-09-11,1,0,0
15930,4079940,26.504109589041096,M,Black,2018-03-31,0,0,0
16944,3471309,39.66849315068493,M,White,2018-07-09,0,0,0
17881,4771776,31.526027397260275,M,Black,2017-11-21,1,0,1
19626,4180689,21.15890410958904,F,mixed,2018-03-14,1,1,0
19918,2977729,27.96712328767123,M,White,2018-09-22,0,0,0
20010,2594291,41.0958904109589,M,White,2018-12-04,0,0,0
20799,12005419,47.68493150684932,M,White,2018-01-06,0,0,0
21406,5590253,19.052054794520547,M,White,2017-06-26,0,1,1
21493,2652491,24.136986301369863,M,White,2018-11-23,0,0,0
21966,5161682,40.010958904109586,M,White,2017-09-18,0,0,1
22194,4884956,37.95616438356164,F,White,2017-11-02,0,0,0
23004,5232450,55.75890410958904,M,White,2017-09-07,0,0,0
23062,3575090,58.87123287671233,M,White,2018-06-20,0,1,0
23784,4559816,26.156164383561645,F,White,2018-01-03,1,1,0
24391,5319741,32.3013698630137,M,Black,2017-08-21,0,0,0
24750,2586870,35.0958904109589,M,White,2018-12-06,0,0,0
24904,5971420,26.78904109589041,F,White,2017-03-26,0,0,0
24916,5675336,18.75068493150685,M,Black,2017-06-06,1,0,0
25060,4796664,25.947945205479453,F,Black,2017-11-19,1,0,0
25110,3787339,22.95616438356164,M,Black,2018-05-10,1,0,2
25238,6595530,20.353424657534248,M,White,2016-09-26,0,0,0
25425,4398368,38.364383561643834,M,White,2018-02-02,0,1,0
25523,5666449,29.742465753424657,M,Black,2017-06-08,0,0,0
25670,3949162,35.26301369863014,F,Black,2018-04-12,0,0,0
25928,7268817,59.33698630136986,M,Black,2016-04-06,0,1,0
26150,4825391,19.383561643835616,M,Black,2017-11-14,0,1,0
26152,4957370,27.528767123287672,M,Black,2017-10-24,0,1,1
26204,6836725,61.276712328767125,F,mixed,2016-07-17,0,1,0
26258,4367944,22.027397260273972,M,Black,2018-02-08,0,0,0
26596,7370720,46.40547945205479,M,mixed,2016-03-09,0,0,0
26679,6916481,31.117808219178084,M,Black,2016-06-25,0,0,2
27249,6478529,22.87945205479452,M,Black,2016-11-01,0,0,0
27382,7381538,26.564383561643837,M,Black,2016-03-07,1,0,0
27558,4448872,37.512328767123286,M,Black,2018-01-25,0,0,0
27586,6049427,22.48767123287671,M,mixed,2017-03-03,0,0,0
27785,4280859,19.4,M,Black,2018-02-26,1,0,0
27836,6766557,36.69041095890411,M,White,2016-08-09,0,0,0
27924,6822812,20.48219178082192,M,White,2016-07-21,1,0,0
28329,6400651,48.74794520547945,F,Black,2016-11-21,0,0,0
28614,6045036,25.895890410958906,M,Black,2017-03-05,0,0,0
28710,3904095,20.75068493150685,M,Black,2018-04-19,1,1,0
28865,5883782,20.852054794520548,M,Black,2017-04-17,0,0,0
29538,4502396,35.553424657534244,M,Black,2018-01-16,0,1,0
29542,4668826,28.698630136986303,F,White,2017-12-09,0,0,0
30578,7283727,30.66849315068493,F,,2016-04-01,0,1,0
31518,6313374,22.353424657534248,M,White,2016-12-21,1,1,2
31876,6073160,54.95068493150685,F,White,2017-02-25,0,0,0
32255,5773028,42.42191780821918,F,White,2017-05-15,1,0,0
32341,6850726,18.654794520547945,M,Black,2016-07-13,1,1,0
32779,6049457,27.38082191780822,M,Black,2017-03-03,0,1,0
32790,6744042,24.991780821917807,M,Black,2016-08-15,0,0,0
33016,6443817,28.084931506849315,F,mixed,2016-11-13,0,0,0
33253,4284534,24.306849315068497,M,Black,2018-02-25,0,1,0
33429,6523146,24.572602739726022,M,mixed,2016-10-19,0,1,0
33633,6995174,18.2986301369863,M,mixed,2016-06-01,1,0,0
34599,5352026,20.945205479452056,M,mixed,2017-08-15,0,1,0
34814,4664272,19.378082191780823,M,,2017-12-11,1,0,1
34896,6275350,27.145205479452056,M,Black,2017-01-05,0,0,0
35048,3102607,34.986301369863014,M,mixed,2018-08-30,0,0,0
35320,3607980,24.339726027397266,M,Black,2018-06-13,0,1,2
35369,3852105,48.42739726027397,F,Black,2018-04-29,0,1,0
35378,3368502,62.18082191780822,M,Black,2018-07-26,0,0,0
35652,5268378,39.21369863013699,F,White,2017-08-31,0,0,0
36554,6704707,36.23835616438356,M,mixed,2016-08-26,0,0,0
36799,2816767,33.8986301369863,M,Black,2018-10-23,0,0,0
38535,5666738,19.22739726027397,M,White,2017-06-08,1,0,0
38602,6235576,43.96986301369863,M,Black,2017-01-14,0,0,0
38681,4546237,41.66301369863014,F,White,2018-01-08,0,0,0
40226,3212729,31.235616438356164,M,Black,2018-08-07,0,0,0
40790,2793396,43.8054794520548,M,White,2018-10-27,0,0,0
41664,6659636,31.375342465753423,F,White,2016-09-08,1,1,0
41991,6778366,24.93972602739726,M,White,2016-08-05,1,1,0
42402,6701778,32.106849315068494,M,White,2016-08-27,0,0,0
43143,4414756,35.93150684931507,M,White,2018-01-31,1,1,0
43195,2766114,20.693150684931503,M,Black,2018-11-01,0,0,1
43443,5150392,20.756164383561643,M,Black,2017-09-20,1,0,0
43838,4301105,25.852054794520548,M,Black,2018-02-21,0,0,0
43925,6954720,19.446575342465753,M,White,2016-06-14,1,1,0
44159,4537309,38.42465753424658,M,Black,2018-01-09,0,0,0
44351,4130120,27.805479452054794,F,Black,2018-03-24,0,0,0
44850,3778372,22.284931506849315,M,Black,2018-05-11,0,0,0
45068,2866283,26.104109589041094,F,Black,2018-10-13,1,1,0
45181,3488332,19.268493150684932,M,Black,2018-07-05,1,0,0
45481,2592249,17.6,M,Black,2018-12-05,0,0,0
45613,3245978,36.178082191780824,F,Black,2018-07-31,0,0,0
46047,7023735,31.136986301369863,M,White,2016-05-23,1,0,1
46101,2788963,46.00547945205479,M,White,2018-10-29,0,0,0
46960,5915304,24.994520547945207,F,White,2017-04-07,0,0,0
47004,5757564,55.87123287671233,M,Black,2017-05-18,0,0,0
47154,3578573,30.684931506849313,M,Black,2018-06-19,1,0,0
47273,7465597,23.38082191780822,M,Black,2016-02-13,1,1,0
47754,4777775,36.44931506849315,F,White,2017-11-20,0,0,0
48080,6445341,38.95890410958904,M,Black,2016-11-11,0,1,0
48211,3250281,34.2,M,White,2018-07-30,0,0,0
48528,3851361,25.53972602739726,M,White,2018-04-29,0,0,0
49237,6507127,20.09041095890411,M,Black,2016-10-22,0,0,2
49472,7563566,32.298630136986304,M,Black,2016-01-14,1,1,4
49727,4697408,19.90684931506849,M,Black,2017-12-04,0,0,0
49882,3596356,35.18082191780822,M,Black,2018-06-14,1,1,4
50654,7378080,19.153424657534245,M,Black,2016-03-07,1,1,0
50827,5665899,21.778082191780825,M,Black,2017-06-08,1,1,0
50867,5473408,20.72876712328767,M,Black,2017-07-21,1,1,4
51323,4837325,32.26027397260274,M,White,2017-11-13,1,1,3
51435,4761709,33.465753424657535,M,Black,2017-11-24,0,0,0
51504,7041731,48.94794520547945,M,Black,2016-05-18,0,0,0
51530,2916797,32.6958904109589,F,Black,2018-10-03,0,1,1
51576,3138306,52.04657534246575,M,Black,2018-08-23,0,0,0
51883,5828497,25.980821917808218,M,mixed,2017-04-30,0,0,0
53703,6648850,21.15068493150685,M,Black,2016-09-11,1,1,0
53858,6792133,29.106849315068494,M,mixed,2016-08-01,0,0,0
53882,4816008,37.16164383561644,M,White,2017-11-15,0,0,0
54200,6340185,46.75068493150685,F,Black,2016-12-13,0,0,0
54289,7266260,51.58082191780822,M,,2016-04-06,0,0,0
55112,7200043,46.46849315068493,M,White,2016-04-23,1,1,0
55857,6102845,27.07945205479452,F,White,2017-02-17,0,0,0
56090,6916269,18.29041095890411,M,White,2016-06-25,1,0,1
56320,4840593,35.95890410958904,M,Black,2017-11-11,0,0,0
56410,4937826,33.4027397260274,M,Black,2017-10-27,0,0,0
56452,6237431,56.37808219178082,M,Black,2017-01-13,0,0,1
56946,5140950,38.20273972602739,M,Black,2017-09-21,0,1,1
57158,3882249,29.983561643835618,M,Black,2018-04-23,0,0,0
57265,5435848,31.40821917808219,M,Black,2017-07-29,1,1,0
57529,7224958,25.564383561643837,M,Black,2016-04-17,1,0,3
57732,5844042,26.22739726027397,M,Black,2017-04-26,0,1,0
57776,7308318,21.936986301369863,M,Black,2016-03-25,1,0,3
58583,3982258,27.813698630136987,M,Black,2018-04-07,1,1,1
59002,4481139,39.21095890410959,M,Black,2018-01-19,0,1,0
59578,7422471,39.63835616438356,M,Black,2016-02-23,1,1,0
60273,7509640,21.564383561643837,F,Black,2016-02-02,0,0,0
60332,4552038,25.438356164383563,M,Black,2018-01-05,0,1,3
60347,3372243,44.915068493150685,M,Black,2018-07-25,0,1,3
60742,6015800,28.254794520547943,M,Black,2017-03-13,0,0,0
61596,4183368,38.53972602739726,F,White,2018-03-14,1,1,0
62147,7292958,20.78082191780822,M,Black,2016-03-30,1,1,0
62440,3472322,54.43835616438356,M,White,2018-07-09,1,1,0
63048,6194431,26.27671232876712,F,White,2017-01-26,0,0,0
63188,5775746,18.78904109589041,M,Black,2017-05-14,0,0,0
63935,7021379,29.64109589041096,F,White,2016-05-24,1,1,4
64098,4596524,29.213698630136985,F,White,2017-12-26,0,1,0
64186,6203506,35.85753424657534,M,Black,2017-01-24,0,0,0
65316,6863214,36.42739726027397,M,Black,2016-07-08,1,1,0
65387,7194627,18.813698630136987,M,Black,2016-04-26,0,1,1
65745,2673805,27.67945205479452,M,White,2018-11-19,0,0,5
65834,5660831,20.065753424657533,M,Black,2017-06-10,0,0,0
65964,6725060,24.34794520547945,M,Black,2016-08-20,1,0,0
66046,5057571,24.473972602739725,M,Black,2017-10-06,1,0,0
66208,4339990,40.43013698630137,M,Black,2018-02-13,0,0,0
66829,6871709,48.30684931506849,M,White,2016-07-06,0,0,2
66832,4100820,33.62465753424657,M,Black,2018-03-28,1,1,0
66936,4531245,46.295890410958904,M,Black,2018-01-10,1,1,0
67140,5670555,29.33150684931507,M,Black,2017-06-07,1,0,0
67939,5475688,60.42191780821918,M,Black,2017-07-21,0,0,1
68121,4871805,32.33698630136986,M,Black,2017-11-05,0,1,0
68213,4612496,54.00547945205479,F,Black,2017-12-20,0,0,0
68785,6074502,39.4027397260274,,Black,2017-02-24,1,1,0
69058,7255033,49.24931506849315,F,mixed,2016-04-10,1,0,0
69085,4131834,48.67671232876712,M,White,2018-03-23,0,0,0
69474,6460426,30.30958904109589,F,White,2016-11-07,0,0,0
69593,6166510,35.4,F,mixed,2017-02-03,1,0,0
69777,5594049,27.216438356164385,M,Other,2017-06-24,0,0,2
69831,6029745,28.375342465753423,F,White,2017-03-08,0,1,0
70259,2747588,23.843835616438355,M,mixed,2018-11-03,0,0,0
71257,2922536,33.320547945205476,M,Black,2018-10-02,0,0,0
72764,6163577,22.72054794520548,F,Black,2017-02-03,1,0,3
73153,5471393,24.156164383561645,M,Black,2017-07-23,0,0,0
73796,5195856,30.243835616438357,M,Black,2017-09-12,0,0,0
74595,2568623,38.24109589041096,M,Black,2018-12-10,0,0,0
74677,6355703,28.545205479452058,M,White,2016-12-09,0,0,0
74723,4502652,33.131506849315066,M,White,2018-01-16,0,0,0
74726,3646741,26.556164383561644,M,Black,2018-06-06,0,0,0
74829,3392137,27.47945205479452,M,Black,2018-07-21,0,0,0
75036,6707445,28.55890410958904,M,White,2016-08-25,0,0,0
75426,6724650,20.78904109589041,M,White,2016-08-20,0,1,0
75450,7462166,53.104109589041094,M,White,2016-02-16,0,0,0
75570,4741552,26.202739726027396,M,White,2017-11-28,0,0,0
76548,5008666,27.293150684931508,M,Black,2017-10-16,1,0,0
76733,4573842,27.47945205479452,F,White,2017-12-30,0,0,1
77082,6537617,29.134246575342463,M,White,2016-10-14,0,0,0
77276,6096501,42.9041095890411,M,Black,2017-02-19,1,0,0
77608,4613060,36.35890410958904,F,White,2017-12-20,1,0,1
77897,6920623,30.2986301369863,M,White,2016-06-24,0,0,0
78499,4314675,35.8,M,Black,2018-02-19,0,0,0
78786,6645202,24.15068493150685,M,White,2016-09-12,1,0,0
78820,4003633,34.16164383561644,F,White,2018-04-03,0,0,0
78880,6671790,52.02465753424657,M,Black,2016-09-04,1,1,0
79024,6759183,37.75616438356165,M,Black,2016-08-10,0,0,0
79145,4185409,26.87945205479452,F,White,2018-03-14,0,0,0
79198,3433327,28.265753424657536,M,White,2018-07-15,1,1,1
79687,7247779,30.323287671232876,M,Other,2016-04-12,0,0,0
80009,6688760,32.86027397260274,M,,2016-08-30,1,1,3
80524,6978316,38.4,M,Black,2016-06-06,1,1,2
80568,6577689,38.68219178082192,M,Black,2016-10-01,1,1,0
81169,6058682,18.97808219178082,M,Black,2017-03-01,1,0,0
81249,3377366,50.26849315068493,M,Black,2018-07-24,0,0,0
81290,4524599,20.134246575342463,M,Black,2018-01-11,0,0,2
81423,7063563,51.45205479452055,M,Black,2016-05-12,1,1,0
81431,6289055,34.40821917808219,M,Black,2017-01-01,0,1,3
81823,3806430,34.8986301369863,M,,2018-05-07,0,0,0
81979,3679700,57.31780821917808,F,Black,2018-05-30,0,0,0
81982,5427759,26.80821917808219,M,Black,2017-07-31,1,1,0
82063,6471124,26.175342465753424,M,Black,2016-11-03,0,0,0
82277,7591971,30.315068493150687,M,Black,2016-01-06,1,1,0
82486,5256465,25.63013698630137,M,Black,2017-09-01,1,0,0
82604,2576292,34.865753424657534,M,Black,2018-12-07,1,1,1
82666,7394502,43.78356164383562,M,Black,2016-03-02,0,0,0
83127,6186016,21.172602739726027,M,Black,2017-01-28,1,1,0
83299,6983854,18.16438356164383,,Black,2016-06-04,0,0,0
83582,5186512,21.26027397260274,M,Black,2017-09-13,0,0,1
83708,5168489,33.92328767123288,M,Black,2017-09-16,1,1,0
83874,4159297,24.51506849315069,F,Black,2018-03-19,0,0,0
84027,2680535,39.26849315068493,M,Black,2018-11-18,0,1,0
84199,7563283,22.12054794520548,M,Black,2016-01-14,0,0,0
84410,5974264,42.84109589041096,F,Black,2017-03-24,1,1,0
84422,6211932,56.391780821917806,F,Black,2017-01-22,1,1,0
84823,2922877,24.0,M,Black,2018-10-02,1,1,2
85246,6243514,19.75068493150685,M,Black,2017-01-12,0,0,4
85370,3376936,32.28219178082192,M,,2018-07-24,1,1,0
85446,6604737,18.117808219178084,M,Black,2016-09-22,1,1,0
85529,6161824,19.575342465753423,M,Black,2017-02-04,0,0,0
85806,6816869,30.0986301369863,M,White,2016-07-23,1,0,1
85929,5226476,35.0,M,Black,2017-09-08,0,0,0
87608,5710263,45.416438356164385,M,Black,2017-05-28,0,0,0
88044,2901631,58.295890410958904,M,Black,2018-10-08,0,0,0
88417,2485784,33.558904109589044,M,Black,2018-12-26,0,0,0
89034,5573668,32.09041095890411,M,White,2017-06-30,0,0,0
91481,4650173,21.28219178082192,M,Black,2017-12-13,0,0,0
91611,5490784,30.58082191780822,M,Black,2017-07-18,0,0,0
91690,5883395,25.665753424657535,M,Black,2017-04-17,0,0,0
91718,6028961,29.572602739726022,M,Black,2017-03-09,0,0,0
91724,5143947,29.24109589041096,M,Black,2017-09-21,0,0,0
91883,7408614,25.14246575342466,F,Black,2016-02-27,0,1,0
92220,6515483,61.131506849315066,M,,2016-10-20,0,0,0
92254,4354694,25.13150684931507,M,Black,2018-02-11,0,0,0
92636,5155920,56.054794520547944,M,Black,2017-09-19,0,0,0
92826,6037598,40.846575342465755,M,Black,2017-03-07,0,0,0
93743,7392722,22.873972602739727,M,Black,2016-03-03,0,0,0
94941,4434854,25.70958904109589,M,Black,2018-01-28,0,1,0
95389,5251707,36.84109589041096,,Black,2017-09-04,0,0,0
98350,4251991,53.772602739726025,M,Black,2018-03-02,0,0,0
100614,5111848,25.375342465753423,F,Black,2017-09-27,1,0,0
101770,5351996,26.92602739726027,F,,2017-08-15,0,0,0
101916,7278705,25.991780821917807,M,Black,2016-04-03,0,0,0
103801,7470210,22.882191780821916,M,Black,2016-02-12,0,0,0
106675,6671035,23.64109589041096,M,Black,2016-09-05,0,0,0
109307,6446640,24.194520547945206,M,Black,2016-11-11,0,1,0
112145,6939057,22.775342465753425,M,mixed,2016-06-17,0,0,0
113657,6607334,23.334246575342465,M,Black,2016-09-22,0,1,0
114124,6060715,55.07671232876712,M,Black,2017-03-01,0,0,0
115414,2907915,26.783561643835615,M,,2018-10-05,0,0,0
115968,7003779,30.983561643835618,M,Black,2016-05-30,0,0,0
121540,6936297,22.23013698630137,M,Black,2016-06-17,0,1,0
122092,2547343,45.96986301369863,M,mixed,2018-12-13,0,0,0
126282,3573863,36.465753424657535,M,Black,2018-06-20,0,0,1
131507,6995889,31.076712328767123,M,mixed,2016-06-01,0,0,0
134133,4513745,51.136986301369866,M,Black,2018-01-14,0,0,0
145687,6183350,38.347945205479455,M,Asian,2017-01-30,0,0,0
146236,4665527,37.917808219178085,F,Black,2017-12-11,0,0,0
146410,5763206,53.31506849315068,M,Black,2017-05-17,1,0,0
162419,7017218,33.38082191780822,M,Black,2016-05-25,0,0,0
172713,4874761,24.205479452054796,M,Black,2017-11-04,0,0,1
173473,7552078,50.16712328767123,M,Black,2016-01-16,0,0,0
173830,5732443,28.616438356164384,M,White,2017-05-25,0,0,0
175405,4862015,20.882191780821916,M,Black,2017-11-07,1,1,0
176762,4308924,27.912328767123288,M,Black,2018-02-20,0,0,0
184560,2790886,45.42739726027397,M,Black,2018-10-29,0,0,0
184900,7157228,24.46849315068493,M,Black,2016-05-06,1,0,0
189625,3945939,30.747945205479457,M,mixed,2018-04-13,0,0,0
192488,6503549,27.32054794520548,F,Black,2016-10-24,0,1,0
196266,5370074,29.63013698630137,M,Black,2017-08-11,0,0,0
198393,5083273,27.682191780821917,M,Black,2017-10-02,0,1,0
202960,4331087,38.224657534246575,M,Black,2018-02-15,1,0,0
203355,7279968,39.8054794520548,M,mixed,2016-04-02,0,0,0
206779,6680947,24.076712328767123,M,Black,2016-09-01,0,1,0
206826,6892253,37.24109589041096,M,Black,2016-07-03,0,0,0
207810,3739546,27.51780821917808,M,Black,2018-05-20,0,0,0
209421,6781573,55.67945205479453,M,Black,2016-08-04,0,0,0
210420,6496625,21.895890410958906,F,Black,2016-10-26,0,0,0
212874,7184393,41.35068493150685,M,mixed,2016-04-29,0,0,1
213172,6009424,19.265753424657536,M,Black,2017-03-15,0,1,0
213336,4618067,29.852054794520548,F,Black,2017-12-19,0,1,0
215578,7504516,46.8986301369863,M,Black,2016-02-04,0,0,0
217338,5591945,63.69315068493151,F,Black,2017-06-26,0,1,0
220893,7488749,18.24109589041096,F,Black,2016-02-08,1,0,0
222575,6681053,22.824657534246576,M,Black,2016-09-01,0,0,0
224737,7216810,21.2986301369863,F,Black,2016-04-19,0,0,0
226290,7256175,33.347945205479455,M,mixed,2016-04-09,0,0,0
228162,7542921,39.775342465753425,F,mixed,2016-01-20,0,0,0
228445,7566068,51.843835616438355,M,mixed,2016-01-14,0,0,0
228565,7208240,19.350684931506848,M,Black,2016-04-21,0,0,0
228688,6486852,22.01095890410959,M,Black,2016-10-29,0,0,0
229544,5997738,18.65753424657534,M,mixed,2017-03-18,0,0,0
229802,5976310,64.88493150684931,M,Black,2017-03-24,0,0,0
230776,4915633,27.638356164383563,M,Black,2017-10-30,0,0,0
230874,5698616,39.18630136986302,M,mixed,2017-05-31,0,0,0
230885,5830453,28.221917808219175,F,mixed,2017-04-29,0,1,0
230959,3128626,28.09041095890411,M,mixed,2018-08-25,0,0,0
231083,5806918,29.01095890410959,M,Black,2017-05-05,0,0,0
234366,5049055,33.42465753424658,M,Black,2017-10-09,0,0,0
235227,5726487,39.8986301369863,F,Black,2017-05-27,0,0,0
235947,5708597,24.61917808219178,M,,2017-05-29,0,0,0
236038,4737746,34.56986301369863,M,mixed,2017-11-29,0,0,0
236508,6096933,36.25205479452055,M,Black,2017-02-19,0,0,0
238381,5854343,19.65753424657534,F,Black,2017-04-22,1,0,0
239629,5585793,27.71780821917808,M,Black,2017-06-27,1,1,0
239769,4629514,18.23013698630137,M,Black,2017-12-18,0,0,0
242203,2472356,20.197260273972603,M,Black,2018-12-29,0,0,1
242483,4674255,66.57260273972602,M,Black,2017-12-08,0,0,0
243409,5142809,30.34794520547945,M,Black,2017-09-21,0,0,0
243705,6532455,18.654794520547945,M,Black,2016-10-17,0,1,0
244925,5050448,18.786301369863015,M,mixed,2017-10-08,0,0,0
246429,4981359,30.813698630136987,M,mixed,2017-10-20,0,0,1
247459,4852731,22.106849315068494,M,Black,2017-11-08,1,1,0
248206,5297910,31.421917808219177,M,Black,2017-08-25,0,0,0
249937,5322293,27.84931506849315,M,Black,2017-08-21,0,0,0
251820,4307219,31.624657534246577,M,Black,2018-02-20,0,0,0
253477,7019251,51.3013698630137,M,White,2016-05-24,0,0,1
255887,3404410,55.59452054794521,M,Black,2018-07-19,0,0,0
256881,3893652,36.76712328767123,F,Black,2018-04-21,0,0,0
258315,3168313,37.42191780821918,M,,2018-08-18,0,0,0
259056,4219078,40.772602739726025,M,Black,2018-03-08,0,1,0
260781,3059137,19.3972602739726,M,Black,2018-09-07,0,1,0
262806,2491948,60.84931506849315,M,Black,2018-12-26,0,0,0
264201,3945921,46.172602739726024,M,Black,2018-04-13,0,0,0
265085,3232676,43.104109589041094,M,Black,2018-08-03,0,0,0
266457,5222987,46.55890410958904,M,Black,2017-09-10,0,1,0
271093,3188624,20.695890410958903,M,Black,2018-08-11,0,0,0
275082,3083081,48.989041095890414,M,Black,2018-09-04,0,0,0
276664,2797309,42.106849315068494,M,Black,2018-10-26,0,1,0
277226,3614608,41.95890410958904,M,mixed,2018-06-12,0,0,0
293396,2710557,37.70958904109589,M,White,2018-11-12,0,0,0
300361,2563302,25.852054794520548,M,Black,2018-12-11,1,0,0
301613,5513065,20.295890410958904,M,Black,2017-07-13,0,0,0
306222,6809493,24.671232876712327,M,Black,2016-07-26,0,0,0
306374,4456365,53.26027397260274,F,Asian,2018-01-24,0,0,0
309222,5768641,25.934246575342467,M,Black,2017-05-16,0,0,0
311707,6106630,35.1945205479452,M,Black,2017-02-16,0,0,0
316053,5560634,41.33698630136986,F,White,2017-07-03,0,0,0
316704,5008270,37.704109589041096,M,Other,2017-10-16,0,0,0
318135,6935981,34.8054794520548,M,White,2016-06-17,1,1,0
318640,5764522,25.813698630136987,M,White,2017-05-16,0,0,0
319551,6096198,46.87671232876713,F,White,2017-02-19,0,0,0
320209,4507353,35.61369863013699,M,White,2018-01-15,0,0,0
320631,6305418,31.63013698630137,M,Black,2016-12-23,1,0,0
320713,2868457,30.273972602739725,F,White,2018-10-12,0,0,0
320960,7234710,29.51780821917808,M,White,2016-04-14,0,0,0
323098,5801992,31.424657534246577,M,Black,2017-05-07,0,1,1
324828,3377463,34.227397260273975,M,Black,2018-07-24,0,0,1
327163,4612031,33.221917808219175,M,White,2017-12-20,0,1,0
329378,6316765,21.457534246575342,M,Black,2016-12-20,0,0,0
332271,5886184,29.427397260273978,M,Black,2017-04-15,0,0,0
333745,5846255,21.72054794520548,M,Black,2017-04-25,0,0,0
334186,5749590,35.76712328767123,M,,2017-05-21,0,0,0
336042,5170311,55.30684931506849,M,White,2017-09-15,1,0,0
336599,5923311,29.265753424657536,M,White,2017-04-05,0,0,0
337852,5692653,30.252054794520543,M,Asian,2017-06-01,0,0,0
338042,6074091,43.61095890410959,F,White,2017-02-24,0,0,0
339988,5998375,56.57534246575342,M,,2017-03-17,0,0,1
342694,6486630,19.843835616438355,F,White,2016-10-29,0,0,0
342986,3234875,50.80821917808219,M,Black,2018-08-02,0,1,2
343162,4129776,28.81917808219178,M,Black,2018-03-24,0,0,0
344219,2471357,34.32876712328767,F,White,2018-12-29,0,0,0
344444,4865164,27.265753424657536,M,Black,2017-11-06,1,0,0
347083,3412511,19.002739726027396,F,White,2018-07-17,0,0,0
349867,6357251,23.82191780821918,F,White,2016-12-09,0,1,0
351066,6956199,32.8054794520548,M,White,2016-06-13,0,1,0
351751,6215292,23.904109589041095,F,White,2017-01-20,0,0,0
355986,3924651,33.83561643835616,F,White,2018-04-16,0,0,0
358458,6746136,28.85753424657534,M,mixed,2016-08-13,0,0,0
358578,2511968,38.64109589041096,M,,2018-12-19,0,1,1
359021,3051211,48.394520547945206,M,,2018-09-09,0,0,0
359972,3836808,27.076712328767123,F,Black,2018-05-01,0,0,0
360339,3371268,33.865753424657534,M,Black,2018-07-25,0,0,0
363740,3526910,42.463013698630135,F,Asian,2018-06-27,0,0,0
379371,4641585,25.254794520547943,M,,2017-12-14,0,0,1
380061,7417657,28.87123287671233,F,White,2016-02-25,1,1,1
404843,3550258,32.032876712328765,M,mixed,2018-06-23,0,0,0
411055,3520892,31.063013698630137,M,Indian,2018-06-28,1,0,0
416390,6349926,17.438356164383563,M,Black,2016-12-12,1,0,0
419322,3227956,20.736986301369864,M,White,2018-08-03,0,0,0
434345,5527499,52.1972602739726,F,mixed,2017-07-10,0,0,0
442499,5053285,29.23835616438356,M,White,2017-10-06,0,1,0
451627,6724161,44.64109589041096,M,Black,2016-08-21,1,1,0
456897,6649145,24.86027397260274,M,Black,2016-09-11,0,1,0
474178,5597498,28.304109589041097,M,White,2017-06-23,0,0,0
479529,4163202,21.731506849315068,M,Black,2018-03-18,0,0,0
479978,7495234,23.75068493150685,M,White,2016-02-07,0,0,0
482239,7220104,46.33698630136986,M,White,2016-04-18,1,0,2
483280,7165449,21.665753424657535,M,White,2016-05-03,0,0,0
502498,6774612,24.643835616438356,F,White,2016-08-05,0,0,0
503269,7431877,30.96986301369863,M,White,2016-02-21,0,0,0
509811,6917238,51.64109589041096,F,White,2016-06-24,0,0,0
511237,6701374,24.175342465753424,F,Black,2016-08-27,0,0,0
512354,7388658,55.52328767123288,F,White,2016-03-03,0,1,0
522552,6457126,32.62191780821918,F,White,2016-11-08,1,0,1
524218,7175419,30.676712328767124,M,White,2016-04-30,0,0,0
525326,7213308,61.583561643835615,M,White,2016-04-19,0,0,0
531993,5598101,52.59178082191781,M,White,2017-06-23,0,0,0
533988,6485726,27.197260273972603,M,White,2016-10-30,0,0,0
539268,3993384,44.24383561643835,M,White,2018-04-05,0,0,0
539354,4818638,51.27945205479452,M,Black,2017-11-15,0,0,0
540187,4762721,52.85205479452055,M,Black,2017-11-24,0,0,0
540315,5238488,19.673972602739727,F,Black,2017-09-06,0,0,0
540719,6561693,19.350684931506848,M,Black,2016-10-06,0,1,0
540780,6455123,32.47671232876712,F,Black,2016-11-09,0,0,0
541012,6933156,54.827397260273976,M,Black,2016-06-20,0,0,0
542158,6837789,31.87945205479452,M,mixed,2016-07-16,0,0,0
545503,3499759,45.76438356164383,M,Black,2018-07-04,0,0,0
555286,5396058,25.87123287671233,F,Black,2017-08-07,0,1,0
555796,5921226,39.95068493150685,M,Black,2017-04-06,0,0,0
555837,6352048,46.78904109589041,M,Black,2016-12-11,1,0,0
570963,6165914,40.92328767123288,M,Black,2017-02-03,0,0,0
571225,6053989,53.654794520547945,M,Black,2017-03-02,0,1,0
575555,6920297,65.97260273972603,M,Black,2016-06-24,0,0,0
586087,4497239,31.265753424657536,M,Black,2018-01-17,0,0,0
597360,5885165,23.21917808219178,M,Black,2017-04-16,0,1,0
598785,3477152,25.506849315068493,M,Black,2018-07-07,0,0,0
637495,4521188,23.410958904109588,M,Black,2018-01-12,1,1,0
655898,7481919,19.778082191780825,M,mixed,2016-02-09,1,0,0
667567,6835425,50.54246575342466,M,Black,2016-07-18,0,0,0
670471,5339923,31.03013698630137,F,Black,2017-08-17,1,1,0
670782,7255049,25.084931506849315,M,Black,2016-04-10,0,0,1
698945,6614488,29.663013698630134,M,Black,2016-09-21,0,0,0
700259,7347268,42.723287671232875,M,Black,2016-03-16,0,1,0
702095,6455738,51.64931506849315,F,Black,2016-11-09,0,0,0
703333,6730488,42.98082191780822,M,mixed,2016-08-18,0,0,0
704623,4153597,33.53150684931507,M,Black,2018-03-20,0,0,0
706551,4991918,40.465753424657535,M,White,2017-10-18,0,1,0
707024,6915516,37.88493150684931,M,Black,2016-06-26,0,1,0
709462,6798949,43.88767123287671,M,Black,2016-07-29,0,0,0
709771,6515921,24.682191780821917,M,Black,2016-10-20,0,0,0
712318,6183928,37.106849315068494,M,Black,2017-01-30,0,1,1
712738,6814001,24.09315068493151,M,Black,2016-07-25,0,0,0
716080,6651028,40.5972602739726,F,Black,2016-09-10,0,0,0
717027,6303916,35.413698630136984,M,Black,2016-12-26,0,1,0
720250,5705381,31.14246575342466,M,Black,2017-05-30,0,0,0
721126,7453819,50.013698630136986,M,Black,2016-02-18,0,0,0
724047,7216276,61.32054794520547,F,Black,2016-04-19,0,0,0
725268,6889724,30.73972602739726,M,mixed,2016-07-05,0,0,1
731121,6046758,55.68219178082192,F,Black,2017-03-04,0,0,0
736961,3945139,42.652054794520545,F,Black,2018-04-13,0,0,0
738991,5168153,30.04109589041096,M,mixed,2017-09-17,0,0,0
741080,3802665,65.33972602739726,M,Black,2018-05-08,0,1,0
742445,5816465,57.16164383561644,F,Black,2017-05-03,0,0,0
742629,3828636,22.024657534246575,M,Black,2018-05-03,1,1,0
742996,4599087,46.87945205479452,F,,2017-12-24,0,0,0
746888,4981381,47.06575342465754,F,Black,2017-10-20,0,0,0
747185,5182981,23.67945205479452,M,Black,2017-09-14,0,0,0
749038,5834411,18.353424657534248,F,Black,2017-04-28,0,1,0
750540,5637824,23.654794520547945,M,Black,2017-06-15,0,0,0
754085,5633837,66.23835616438356,M,mixed,2017-06-16,0,1,0
754401,2698916,23.10958904109589,M,Black,2018-11-14,0,0,0
755398,5664009,27.405479452054795,M,Black,2017-06-09,0,0,0
756222,5942633,30.506849315068493,F,mixed,2017-03-31,0,1,0
761620,2618132,23.616438356164384,M,Black,2018-11-30,0,1,0
763078,4111160,41.893150684931506,M,Black,2018-03-27,0,1,0
767053,2667595,26.07123287671233,M,Black,2018-11-20,1,0,0
767695,4534880,39.654794520547945,M,Black,2018-01-10,0,0,0
778647,5273684,20.983561643835618,M,Black,2017-08-30,0,0,0
780358,4692540,32.16712328767123,M,White,2017-12-05,0,0,0
780656,6969145,19.665753424657535,M,Black,2016-06-09,0,1,0
785937,3083255,30.378082191780823,M,Black,2018-09-04,0,0,0
786744,3490313,52.75616438356165,M,Black,2018-07-05,0,0,0
844881,2939914,22.983561643835618,M,White,2018-09-30,0,0,0
845123,5413918,46.97260273972603,M,Black,2017-08-03,1,0,0
847667,5564259,32.27945205479452,F,Black,2017-07-03,0,0,0
847994,7311479,25.2986301369863,M,Black,2016-03-25,1,0,0
848761,7291921,30.104109589041094,M,White,2016-03-31,1,1,3
848793,3173957,25.6027397260274,M,Black,2018-08-17,0,0,0
858453,7466353,43.83013698630137,M,White,2016-02-13,0,0,0
860034,4689683,41.83287671232877,M,Black,2017-12-06,0,0,1
861665,5132759,34.63835616438356,M,Black,2017-09-23,0,0,0
873153,4532287,19.002739726027396,M,White,2018-01-10,0,0,0
883298,5502020,18.54794520547945,M,White,2017-07-16,0,0,0
883902,7153262,20.334246575342465,M,Black,2016-05-07,1,0,1
883909,5296171,31.326027397260273,F,White,2017-08-25,0,0,0
884830,3249757,26.75068493150685,M,Black,2018-07-31,0,0,0
888088,2714649,30.986301369863018,M,White,2018-11-10,0,0,0
908756,7027943,35.915068493150685,M,Black,2016-05-21,0,0,0
909315,4524392,22.035616438356165,M,Black,2018-01-11,0,0,0
909386,6072822,25.61917808219178,M,Black,2017-02-25,0,0,0
909645,5568205,61.298630136986304,F,Black,2017-06-30,0,0,0
909652,3672977,59.91232876712328,M,Black,2018-05-31,0,0,0
909864,6892870,22.273972602739725,M,Black,2016-07-02,0,0,2
910069,5059604,27.77260273972603,F,mixed,2017-10-05,1,0,0
910246,5559239,40.42739726027397,M,Black,2017-07-04,0,0,0
910635,4973877,61.016438356164386,M,Black,2017-10-22,0,0,0
910893,6632110,31.345205479452055,M,Black,2016-09-15,0,0,0
911263,7281409,25.528767123287672,M,Black,2016-04-01,1,1,0
911310,7364521,44.536986301369865,M,Black,2016-03-10,1,0,0
911946,6339294,31.46027397260274,M,Black,2016-12-13,0,0,0
912191,5560929,34.93698630136986,M,Black,2017-07-03,0,0,1
912961,6525048,33.78356164383562,M,Black,2016-10-18,0,1,0
913768,7583303,41.04383561643836,M,Black,2016-01-08,0,0,0
915957,7206185,48.07671232876712,M,mixed,2016-04-21,0,0,0
919650,7532175,34.915068493150685,M,Black,2016-01-24,0,0,0
920520,6577694,48.33698630136986,F,Black,2016-10-01,0,0,0
921658,4564410,24.813698630136987,M,Black,2018-01-02,0,0,0
922002,2670602,66.56164383561644,M,Black,2018-11-19,0,0,0
922587,7345698,29.361643835616437,M,Black,2016-03-16,0,0,0
923399,5674108,28.167123287671235,F,Black,2017-06-06,0,0,0
929734,2971473,40.465753424657535,M,White,2018-09-24,0,0,0
932315,6386392,22.084931506849315,M,Black,2016-11-26,1,1,0
935128,6156149,48.56712328767123,F,Black,2017-02-06,0,0,0
935306,6756714,41.45479452054794,M,Black,2016-08-11,0,0,0
936434,2864989,58.156164383561645,M,Black,2018-10-14,0,0,0
940651,3015248,40.293150684931504,F,mixed,2018-09-15,0,0,0
942762,2978046,38.273972602739725,M,Black,2018-09-22,0,1,0
942846,7476023,44.3013698630137,M,Black,2016-02-10,0,0,0
951591,5053353,26.583561643835615,M,Black,2017-10-06,0,0,0
953314,5373998,23.87123287671233,M,White,2017-08-10,0,0,1
957946,4612868,33.43835616438356,F,White,2017-12-20,0,0,0
960754,7408280,23.986301369863018,M,Black,2016-02-27,0,0,0
960846,5919982,26.923287671232877,F,Black,2017-04-06,0,0,0
961194,3394043,55.55068493150685,M,Black,2018-07-20,0,0,0
961819,4667298,38.298630136986304,M,Black,2017-12-10,0,0,0
964750,6232325,43.64383561643836,M,Black,2017-01-16,0,0,0
965786,7414853,36.28767123287671,M,Black,2016-02-25,0,0,0
971359,6234841,30.63287671232877,M,White,2017-01-15,0,1,0
971940,4838938,28.084931506849315,M,Black,2017-11-12,0,0,0
974497,4078592,26.5013698630137,M,Black,2018-04-01,0,1,0
977062,7580589,45.25205479452055,M,White,2016-01-10,0,0,0
982041,3372037,32.73150684931507,F,Black,2018-07-25,0,0,0
982966,6970994,28.26027397260274,M,Black,2016-06-08,0,0,0
984444,6058937,24.95890410958904,M,White,2017-03-01,0,0,0
987109,6340985,38.89041095890411,M,,2016-12-13,0,1,0
988101,6185866,33.271232876712325,M,Black,2017-01-28,0,0,1
988645,6990731,18.816438356164383,M,Black,2016-06-02,0,0,0
989231,2777894,20.942465753424656,M,Black,2018-10-30,0,0,0
989697,6368200,18.682191780821917,M,Black,2016-12-01,0,0,0
990237,4452127,21.10958904109589,F,Black,2018-01-24,0,0,0
990371,3711442,40.964383561643835,M,Black,2018-05-24,0,1,0
991124,6794396,53.536986301369865,M,Black,2016-07-30,1,1,0
991504,6863492,29.306849315068497,F,Black,2016-07-08,0,0,0
992260,6533628,46.2054794520548,F,Black,2016-10-16,0,0,0
993769,6974579,55.4027397260274,M,Black,2016-06-07,0,0,0
994193,3625742,34.90958904109589,M,mixed,2018-06-10,0,0,0
995275,6390045,45.11506849315069,M,mixed,2016-11-23,0,0,0
995560,7431888,23.34794520547945,F,Black,2016-02-21,0,0,0
995723,6665503,50.45753424657534,M,Black,2016-09-06,0,0,0
997983,7587118,42.21917808219178,M,White,2016-01-07,0,1,1
1000104,5327849,24.931506849315067,M,Black,2017-08-20,0,0,0
1000343,3895575,22.04931506849315,F,Black,2018-04-20,0,0,2
1000558,5049840,36.57808219178082,M,mixed,2017-10-08,0,0,0
1000596,5455518,44.775342465753425,M,Black,2017-07-25,0,0,0
1002436,5887803,50.013698630136986,M,Black,2017-04-14,0,0,0
1002535,5559287,23.715068493150685,M,Black,2017-07-04,0,0,0
1003853,3388991,42.69041095890411,M,White,2018-07-23,0,1,1
1004445,6288988,26.410958904109588,F,Black,2017-01-01,0,0,0
1004917,7465428,30.432876712328767,F,Black,2016-02-14,0,0,0
1005742,5902358,24.589041095890412,M,Black,2017-04-11,0,0,0
1006048,5435754,27.019178082191782,F,Black,2017-07-29,0,0,0
1006380,4646805,58.9041095890411,M,mixed,2017-12-13,0,0,0
1007138,3679645,47.843835616438355,M,Black,2018-05-30,0,1,0
1009066,5067540,20.96712328767123,M,Black,2017-10-04,0,0,2
1009103,5293905,24.052054794520547,F,Black,2017-08-25,1,0,0
1009164,7293010,26.153424657534245,M,Black,2016-03-30,0,0,0
1009393,5846496,18.09315068493151,M,Black,2017-04-25,0,0,0
1012225,6096461,50.657534246575345,M,White,2017-02-19,0,0,0
1012253,5965226,25.04383561643836,F,Black,2017-03-27,0,0,0
1012418,5971205,40.59452054794521,M,,2017-03-26,0,0,0
1014195,2573195,30.80821917808219,F,mixed,2018-12-08,0,1,0
1015284,4493795,32.586301369863016,M,Black,2018-01-17,0,1,0
1017719,3400725,22.72054794520548,M,Black,2018-07-19,0,1,0
1021244,6486363,35.78904109589041,M,Black,2016-10-29,0,0,0
1022206,3126042,31.361643835616437,M,Black,2018-08-26,0,0,0
1023093,3493710,18.852054794520548,M,Black,2018-07-04,0,0,0
1023228,3548675,26.413698630136988,F,Black,2018-06-24,0,0,0
1023661,3720697,32.657534246575345,M,Black,2018-05-22,0,0,0
1024658,2505635,24.912328767123288,M,Black,2018-12-20,0,0,0
1026471,5775568,21.797260273972604,M,Black,2017-05-14,0,1,1
1027662,4107373,29.96986301369863,M,Black,2018-03-27,0,0,0
1039827,3839724,22.438356164383563,M,Black,2018-05-01,0,0,0
1039918,3743125,43.69315068493151,F,White,2018-05-18,0,0,0
1050738,3479577,22.24931506849315,M,Black,2018-07-06,0,0,0
1052139,6537189,48.367123287671234,M,White,2016-10-14,0,0,0
1055115,7371681,57.56164383561644,M,White,2016-03-09,1,0,1
1055158,7157820,36.14520547945205,M,White,2016-05-06,0,0,0
1058203,7234140,27.33150684931507,M,Black,2016-04-15,0,0,0
1058804,6215258,38.893150684931506,M,White,2017-01-20,0,1,0
1059734,6984750,27.78904109589041,F,Black,2016-06-04,1,0,1
1060589,4941565,28.134246575342463,M,Black,2017-10-27,0,0,1
1061804,7382549,28.82191780821918,M,White,2016-03-07,0,0,0
1063563,4827776,30.816438356164383,M,White,2017-11-13,0,0,0
1064456,2953487,26.27123287671233,M,Black,2018-09-26,0,0,0
1064748,12002220,23.27671232876712,M,Black,2018-10-16,0,0,0
1064849,3201857,27.03287671232877,F,White,2018-08-08,0,0,0
1065031,4549790,33.85753424657534,M,White,2018-01-06,0,1,0
1065197,5821772,18.03835616438356,M,White,2017-05-01,0,0,0
1065214,12006021,35.41917808219178,F,White,2018-04-27,0,0,0
1065333,3940175,19.427397260273978,F,White,2018-04-14,1,0,0
1065449,6236432,32.635616438356166,M,White,2017-01-13,1,1,0
1065548,6659898,18.39452054794521,M,White,2016-09-07,0,0,0
1065717,12005804,29.301369863013697,F,White,2018-05-25,0,0,0
1071856,7581961,33.6986301369863,M,White,2016-01-09,0,0,0
1072559,6845142,55.02739726027397,M,White,2016-07-15,0,0,0
1072904,5967924,26.654794520547945,M,Black,2017-03-27,0,0,0
1074774,7021588,25.024657534246575,F,White,2016-05-24,0,0,0
1075503,6623957,61.09041095890411,M,Black,2016-09-19,0,0,1
1087281,3601952,18.416438356164385,M,White,2018-06-14,0,0,0
1103608,4541881,27.410958904109588,F,White,2018-01-09,0,0,0
1107929,4290696,49.46849315068493,F,White,2018-02-23,0,0,0
1111687,5936371,33.51780821917808,M,White,2017-04-03,0,0,0
1113786,7061405,21.46027397260274,F,Black,2016-05-13,1,0,0
1113857,7004850,36.29041095890411,M,White,2016-05-29,0,0,0
1114013,4457859,48.7945205479452,F,Black,2018-01-24,0,1,1
1114653,3399268,39.16712328767123,M,Black,2018-07-20,0,0,0
1116388,6585372,26.942465753424656,M,Black,2016-09-29,1,0,0
1117726,7288288,50.95616438356164,M,Black,2016-03-31,0,0,0
1119600,6891773,29.528767123287672,M,Asian,2016-07-03,0,0,0
1119846,7485908,19.312328767123287,M,Black,2016-02-08,1,0,0
1120637,6352870,51.23561643835617,M,White,2016-12-10,0,0,0
1123886,4973926,25.756164383561643,M,Black,2017-10-22,0,0,0
1124386,6928740,19.561643835616437,M,Black,2016-06-21,1,1,0
1127005,3052452,52.342465753424655,M,White,2018-09-08,0,0,0
1127882,6577733,26.84931506849315,F,White,2016-10-01,0,0,0
1129092,6971419,31.638356164383563,F,White,2016-06-08,1,0,3
1129862,7422871,30.457534246575342,M,White,2016-02-23,1,0,1
1130673,7005244,25.65205479452055,M,Black,2016-05-28,1,0,1
1134813,5928260,19.339726027397266,M,Black,2017-04-04,1,1,2
1134876,7162955,42.97808219178082,M,Black,2016-05-04,1,0,0
1135351,6837322,54.824657534246576,M,White,2016-07-16,0,0,0
1137620,3130830,33.10958904109589,M,Black,2018-08-24,1,0,0
1138633,7495184,21.747945205479457,F,Black,2016-02-07,0,1,0
1162141,6068520,24.991780821917807,M,Black,2017-02-27,0,0,0
1171048,3774134,32.556164383561644,F,Black,2018-05-13,0,0,0
1182268,3094265,38.59178082191781,M,White,2018-08-31,0,0,0
1189790,6847236,40.16712328767123,M,mixed,2016-07-14,0,0,0
1195934,6891939,56.93972602739726,M,White,2016-07-03,0,0,0
1205282,6223364,29.28767123287671,F,White,2017-01-18,0,1,0
1214199,5133966,35.97260273972603,M,Black,2017-09-22,0,0,0
1236019,4801505,31.194520547945206,M,Black,2017-11-17,0,0,0
1237612,4671633,17.654794520547945,M,Black,2017-12-08,1,1,0
1238975,4801691,24.16164383561644,F,White,2017-11-17,0,0,0
1241445,6213037,27.578082191780823,M,White,2017-01-21,0,0,0
1243038,5295157,26.567123287671233,M,Black,2017-08-25,1,1,0
1243226,7199368,19.567123287671233,F,White,2016-04-24,0,0,0
1244695,3046602,45.02739726027397,F,White,2018-09-10,1,1,2
1246239,5897554,20.665753424657535,M,White,2017-04-12,0,0,0
1247697,5936893,17.542465753424658,M,White,2017-04-02,0,1,0
1250624,5982356,24.66849315068493,F,Black,2017-03-22,0,0,0
1251769,6228444,31.02191780821918,M,Black,2017-01-17,0,0,0
1253737,2725809,44.03013698630137,M,White,2018-11-08,0,0,0
1256556,6931649,20.413698630136988,M,White,2016-06-20,0,0,0
1268621,6783898,50.276712328767125,M,White,2016-08-03,0,0,0
1273296,6762675,28.167123287671235,F,White,2016-08-10,0,0,0
1275378,2532499,24.235616438356164,M,Black,2018-12-15,0,1,0
1279933,4267658,49.106849315068494,F,Asian,2018-02-27,0,0,0
1281927,3451139,19.22739726027397,M,White,2018-07-12,0,0,0
1284992,5866672,38.0958904109589,M,White,2017-04-20,0,0,0
1286831,3673834,22.19178082191781,M,Black,2018-05-31,0,0,0
1288581,3548765,24.21095890410959,M,Black,2018-06-24,0,1,0
1289480,5232571,43.964383561643835,F,White,2017-09-07,0,0,0
1289881,3166132,21.186301369863013,M,Black,2018-08-18,0,0,0
1292211,4460552,21.145205479452056,M,Black,2018-01-23,1,0,0
1292290,3039205,49.96986301369863,F,Black,2018-09-11,0,1,0
1295291,7149171,37.394520547945206,M,White,2016-05-09,0,0,0
1297492,6957590,22.775342465753425,M,White,2016-06-13,0,0,0
1300240,7200598,26.747945205479457,M,Black,2016-04-23,0,0,0
1301492,4810567,26.764383561643836,M,Black,2017-11-16,0,1,0
1301547,6673313,29.424657534246577,M,mixed,2016-09-03,0,0,0
1302621,2907242,54.24657534246575,M,Black,2018-10-05,0,0,0
1302726,2950470,32.536986301369865,M,White,2018-09-27,0,0,2
1305217,7537778,47.32876712328767,F,White,2016-01-21,0,0,0
1305475,6891917,19.0,M,White,2016-07-03,0,1,0
1306011,7193530,59.12054794520548,M,White,2016-04-26,1,1,0
1307676,6704112,35.09315068493151,M,White,2016-08-26,1,0,0
1307719,3086994,22.101369863013694,M,Black,2018-09-03,1,1,0
1308319,5819314,19.27671232876712,M,Black,2017-05-02,0,0,0
1308492,2939945,25.339726027397266,M,White,2018-09-30,0,0,0
1309027,3066846,33.394520547945206,M,White,2018-09-06,0,0,1
1309468,7307171,35.24931506849315,F,White,2016-03-26,0,0,0
1309509,2495644,31.46849315068493,M,White,2018-12-24,0,0,0
1330380,7601167,37.36164383561644,M,Black,2016-01-04,0,0,0
1335744,6148186,32.846575342465755,F,Black,2017-02-07,1,0,1
1337598,7012299,19.339726027397266,M,Black,2016-05-26,0,0,0
1337603,7000981,24.95068493150685,F,mixed,2016-05-31,0,0,0
1343831,4548723,45.35342465753425,F,White,2018-01-07,0,0,0
1347085,3221808,35.605479452054794,M,Black,2018-08-06,0,1,0
1347952,4556922,19.016438356164382,M,Black,2018-01-04,0,0,0
1348192,5474682,19.545205479452058,M,Black,2017-07-21,0,0,0
1352518,3396602,23.51232876712329,M,Other,2018-07-20,0,1,0
1352734,5598626,28.865753424657537,M,White,2017-06-23,0,0,0
1352780,3403451,49.43561643835616,F,,2018-07-19,0,0,0
1354979,7473272,34.85479452054795,F,White,2016-02-11,0,0,0
1407719,4860301,56.50684931506849,M,White,2017-11-07,0,0,0
1411167,6042314,28.375342465753423,F,Black,2017-03-06,0,0,0
1412544,5893867,34.942465753424656,F,White,2017-04-13,0,1,0
1414439,5803421,35.29041095890411,M,White,2017-05-06,0,0,0
1417936,4804643,18.745205479452057,M,White,2017-11-17,0,0,0
1421025,5201065,36.583561643835615,M,Other,2017-09-12,0,0,0
1423711,5972614,19.38082191780822,M,White,2017-03-25,0,0,0
1431369,3129407,38.81917808219178,M,Black,2018-08-24,0,0,0
1431898,5342043,57.12054794520548,M,Black,2017-08-17,0,0,0
1435646,4155587,32.99452054794521,F,White,2018-03-20,0,0,0
1439871,7030740,30.698630136986303,M,White,2016-05-20,1,0,2
1440050,5113359,27.572602739726022,M,White,2017-09-26,0,1,0
1448386,5958672,44.989041095890414,M,Black,2017-03-29,0,0,0
1455195,5976675,29.553424657534247,F,White,2017-03-24,0,0,0
1457941,7138010,43.21917808219178,F,White,2016-05-11,0,0,0
1460821,3682942,23.684931506849313,M,mixed,2018-05-30,0,0,0
1462612,7454785,28.83835616438356,M,White,2016-02-17,0,0,0
1463080,7518030,20.778082191780825,F,White,2016-01-30,0,0,0
1463249,6576617,18.054794520547944,F,Black,2016-10-02,0,0,0
1465404,6759197,27.92602739726027,M,White,2016-08-10,0,0,0
1469853,6221420,42.44383561643835,F,,2017-01-18,0,0,0
1475717,3193787,33.11232876712329,F,White,2018-08-10,0,0,1
1488855,4207288,31.80821917808219,F,mixed,2018-03-09,0,0,0
1499514,3892526,37.345205479452055,F,Asian,2018-04-21,0,0,0
1499680,7464288,24.887671232876713,F,Black,2016-02-15,0,0,0
1499779,5739857,58.48219178082192,F,Black,2017-05-23,0,0,0
1499946,6322340,25.86849315068493,M,White,2016-12-19,0,0,1
1509614,7369356,52.19178082191781,M,White,2016-03-09,0,0,0
1510722,6624477,31.087671232876712,M,White,2016-09-18,0,0,0
1515517,4397666,38.52876712328767,M,White,2018-02-02,1,1,0
1516491,4780246,29.389041095890413,M,Other,2017-11-20,0,0,0
1516499,4469015,63.25479452054795,M,White,2018-01-22,1,1,0
1518057,3815617,24.646575342465752,M,Black,2018-05-05,0,0,0
1518060,3476358,22.797260273972604,M,Black,2018-07-07,1,1,0
1518439,5974182,65.68219178082192,M,Black,2017-03-24,0,0,0
1519445,6553405,51.96986301369863,M,Black,2016-10-10,0,0,0
1531743,7598842,41.62191780821918,M,Black,2016-01-04,0,0,0
1535214,2905661,51.038356164383565,M,Black,2018-10-05,0,0,0
1543625,4283852,56.85753424657534,M,Black,2018-02-25,0,0,0
1549259,7541800,55.55342465753424,M,White,2016-01-20,0,0,0
1557971,6545079,43.106849315068494,M,Black,2016-10-12,1,0,0
1567151,7553479,36.89041095890411,M,,2016-01-15,0,0,0
1569464,7151446,47.4986301369863,F,Black,2016-05-08,0,1,0
1571572,5014551,39.394520547945206,F,Black,2017-10-14,0,0,0
1575015,4801231,18.983561643835618,M,Black,2017-11-17,0,0,0
1576173,5014713,54.64931506849315,F,Black,2017-10-14,0,0,0
1585223,2869394,51.11506849315069,M,Black,2018-10-12,1,0,0
1588377,4998162,21.09315068493151,M,Black,2017-10-17,1,1,0
1596644,5560772,38.81095890410959,M,,2017-07-03,0,0,1
1602754,7539079,32.87123287671233,F,Black,2016-01-21,0,0,0
1602937,4143130,44.59452054794521,F,White,2018-03-21,0,0,0
1609935,7395386,41.40547945205479,,,2016-03-02,0,0,0
1610763,5330582,36.07945205479452,M,Black,2017-08-19,0,1,1
1611752,3648891,41.035616438356165,M,White,2018-06-06,0,0,0
1615681,6984069,18.887671232876713,M,White,2016-06-04,0,0,0
1628013,6446041,25.389041095890413,F,Black,2016-11-11,0,0,0
1633210,3775181,26.731506849315068,M,Black,2018-05-13,0,0,0
1643235,6097506,24.534246575342465,M,White,2017-02-18,0,0,0
1644444,4599258,26.8,M,White,2017-12-24,0,0,0
1644761,6725214,18.775342465753425,M,White,2016-08-20,0,0,0
1647361,6626206,19.923287671232877,M,White,2016-09-17,0,0,0
1652670,5403234,22.942465753424656,F,Black,2017-08-06,0,0,0
1655864,6226104,48.87945205479452,M,White,2017-01-18,0,0,0
1657426,5891147,62.706849315068496,M,Black,2017-04-14,0,0,0
1660282,2558191,51.51780821917808,,,2018-12-12,0,0,0
1662696,3586404,64.6109589041096,F,,2018-06-18,0,0,0
1664393,2668316,23.945205479452056,M,White,2018-11-20,0,0,0
1672423,2496068,23.72328767123288,M,White,2018-12-23,0,0,0
1672827,6486564,47.54794520547945,M,Black,2016-10-29,0,0,0
1675740,6147642,34.961643835616435,M,White,2017-02-07,0,0,0
1688253,6946113,33.14246575342466,M,White,2016-06-15,0,0,0
1696565,3876566,42.41095890410959,F,Black,2018-04-24,0,0,0
1697642,4398085,19.47945205479452,F,Other,2018-02-02,0,0,0
1708343,7477256,28.41917808219178,M,White,2016-02-10,0,0,0
1710539,5374331,57.172602739726024,M,White,2017-08-10,0,0,0
1712911,4642420,75.55616438356165,M,White,2017-12-14,0,0,0
1713630,5180076,23.065753424657533,M,White,2017-09-14,0,0,0
1725478,3085056,50.43561643835616,M,Indian,2018-09-04,0,0,0
1744993,6468725,63.87671232876713,M,White,2016-11-04,0,0,0
1745147,6984366,19.624657534246577,M,mixed,2016-06-04,0,0,0
1747908,7543337,31.213698630136985,M,Other,2016-01-20,0,0,0
1750067,5600399,32.02191780821918,F,Black,2017-06-23,0,0,0
1762278,6434678,30.424657534246577,M,White,2016-11-15,0,0,0
1768653,6896776,56.12054794520548,M,White,2016-07-01,0,0,0
1773950,7550575,37.12054794520548,M,Black,2016-01-17,0,0,0
1779141,7500144,61.42191780821918,M,White,2016-02-05,0,0,0
1781403,7203601,24.386301369863013,M,White,2016-04-22,0,1,0
1782791,7055804,20.435616438356163,M,Black,2016-05-14,0,1,0
1790946,7197240,51.27945205479452,M,White,2016-04-25,0,0,0
1792449,6566103,61.81917808219178,M,Black,2016-10-05,0,1,0
1796824,6858454,31.92054794520548,F,White,2016-07-11,0,0,0
1798249,5296398,26.197260273972603,M,Black,2017-08-25,0,0,0
1799216,5050151,31.065753424657533,M,White,2017-10-08,0,0,0
1799436,5754726,21.36712328767123,M,White,2017-05-19,0,1,0
1800283,5381622,30.75068493150685,M,Black,2017-08-09,0,0,0
1800486,5784691,33.04383561643836,M,White,2017-05-11,0,1,0
1801200,5728587,54.44109589041096,M,White,2017-05-26,0,0,1
1802254,6027429,24.63287671232877,F,White,2017-03-09,0,0,0
1803390,4599708,26.704109589041096,F,White,2017-12-23,0,0,0
1804725,5564862,25.945205479452056,M,White,2017-07-02,0,0,0
1805696,7349807,29.40821917808219,F,White,2016-03-15,0,0,0
1806016,5290353,22.063013698630137,M,White,2017-08-27,0,1,0
1814816,3247709,28.065753424657533,M,White,2018-07-31,0,0,0
1817697,3631787,50.76712328767123,M,White,2018-06-08,0,0,0
1880894,4798059,19.931506849315067,F,Black,2017-11-18,0,0,0
1960076,7581199,21.28767123287671,M,Black,2016-01-09,0,0,0
1985162,4328012,36.55342465753424,M,White,2018-02-15,0,0,0
1985673,2673567,18.172602739726027,M,Other,2018-11-19,0,0,0
1987171,3455754,49.12054794520548,M,White,2018-07-11,0,0,0
1992727,6182084,27.421917808219177,F,Other,2017-01-30,0,0,0
2018384,6075194,32.26849315068493,F,White,2017-02-24,0,0,0
2022714,4667353,36.29041095890411,M,Black,2017-12-10,0,0,0
2079709,6411247,76.73972602739725,F,White,2016-11-17,0,0,0
2080856,6710623,50.40547945205479,F,White,2016-08-24,0,0,0
2106053,6397938,47.74520547945205,F,White,2016-11-21,0,1,0
2108170,6672666,26.4986301369863,M,White,2016-09-03,0,0,0
2119515,5927377,22.589041095890412,M,Black,2017-04-04,1,0,0
2129116,6725485,24.04931506849315,F,Black,2016-08-19,0,0,0
2134220,6403657,23.07945205479452,M,White,2016-11-20,0,0,0
2134683,6524956,33.87397260273973,M,White,2016-10-18,0,0,0
2143682,5014497,54.484931506849314,M,White,2017-10-14,0,0,0
2154819,3013581,58.61369863013699,F,White,2018-09-16,0,0,0
2156291,3365244,19.27945205479452,M,Black,2018-07-26,0,0,0
2196821,5249584,28.054794520547944,M,White,2017-09-04,0,0,0
2202943,4763108,48.704109589041096,F,White,2017-11-23,0,0,0
2248903,7276076,33.21095890410959,M,White,2016-04-04,0,0,0
2293944,5847419,38.967123287671235,M,Other,2017-04-25,0,0,0
2335717,5855566,39.85479452054795,M,Black,2017-04-21,1,1,0
2384014,7063504,37.93150684931507,F,mixed,2016-05-12,0,0,0
2392616,5804869,25.912328767123288,F,Black,2017-05-05,0,1,0
2400358,6193867,40.93698630136986,F,mixed,2017-01-26,0,0,0
2401549,5936791,50.57808219178082,M,mixed,2017-04-02,0,0,0
2406706,4500531,25.15890410958904,F,Black,2018-01-16,0,0,0
2452788,7603699,26.33150684931507,M,Black,2016-01-03,1,1,0
2455042,5469978,51.64657534246575,M,Black,2017-07-24,0,0,0
2456906,6639316,22.794520547945204,F,White,2016-09-14,1,0,0
2497431,6192743,18.84931506849315,M,Black,2017-01-27,1,1,1
2497447,5560404,55.80821917808219,F,Black,2017-07-04,0,1,0
2498706,6747081,22.81095890410959,M,Black,2016-08-13,0,0,0
2508428,5769400,35.37808219178082,M,White,2017-05-16,0,0,0
2515355,5436833,27.317808219178083,M,White,2017-07-29,0,0,0
2529982,3050989,55.57534246575342,F,White,2018-09-10,0,0,0
2535391,5291736,24.898630136986306,F,White,2017-08-26,0,0,0
2537177,4751260,28.175342465753424,F,White,2017-11-27,0,0,0
2556504,5118851,39.15068493150685,F,White,2017-09-26,0,0,0
2557412,7272789,23.60821917808219,M,Black,2016-04-05,0,1,0
2558637,5052563,19.43013698630137,F,White,2017-10-07,0,0,0
2559192,6055237,65.05205479452054,M,Black,2017-03-02,0,0,0
2570957,5035688,27.24931506849315,M,White,2017-10-11,0,0,0
2572349,3411394,39.00821917808219,F,White,2018-07-18,0,0,0
2579110,6362220,23.04383561643836,M,Black,2016-12-08,0,1,0
2581544,6598794,36.64383561643836,F,Black,2016-09-25,0,0,0
2582339,7002347,28.726027397260275,F,White,2016-05-31,0,1,0
2582921,2532252,24.85753424657534,M,White,2018-12-16,0,0,1
2584613,7226797,51.273972602739725,M,White,2016-04-16,0,0,0
2591916,5298889,28.843835616438355,F,White,2017-08-25,0,0,0
2593687,5970690,26.736986301369864,M,White,2017-03-27,0,0,0
2594951,3824510,19.326027397260273,M,,2018-05-04,0,0,0
2597745,2700058,56.92602739726028,M,White,2018-11-14,0,0,0
2601543,6304179,18.410958904109588,,White,2016-12-25,0,1,0
2638329,5289194,35.1013698630137,M,Other,2017-08-28,0,0,0
2641039,3829189,32.087671232876716,F,White,2018-05-03,0,0,0
2662041,6542668,39.73698630136986,M,White,2016-10-13,0,0,0
2740186,6485644,48.3013698630137,M,Black,2016-10-30,0,0,0
2745399,5242551,50.73424657534247,F,White,2017-09-05,0,0,0
2746168,6277542,22.898630136986306,M,Black,2017-01-04,0,0,0
2757019,7477228,20.542465753424658,M,White,2016-02-10,0,0,0
2792559,6313370,50.71780821917808,M,White,2016-12-21,0,0,0
2793559,4662342,45.61643835616438,M,White,2017-12-11,1,0,0
2835694,7028913,43.30684931506849,M,White,2016-05-21,0,1,0
2842887,7275867,26.90958904109589,M,White,2016-04-04,0,0,0
2844478,5766861,25.008219178082193,M,Black,2017-05-16,0,1,0
2852268,5941513,28.863013698630137,M,Black,2017-03-31,0,0,0
2870513,3523180,37.221917808219175,M,White,2018-06-28,0,0,0
2871550,3732305,54.35342465753425,M,White,2018-05-21,0,0,0
2871747,6601849,53.79726027397261,M,Black,2016-09-23,0,0,0
2874630,2687435,57.38904109589041,M,White,2018-11-16,0,0,0
2879059,7203402,20.986301369863018,F,Black,2016-04-22,0,0,0
2880190,3877005,20.30958904109589,M,Black,2018-04-24,0,0,0
2880571,3659989,69.21369863013699,F,White,2018-06-04,0,0,0
2881955,7457196,35.83561643835616,F,White,2016-02-17,0,0,0
2931293,7303205,22.63013698630137,F,White,2016-03-28,0,0,0
2931988,6457031,54.512328767123286,M,White,2016-11-08,0,0,0
2932251,6466997,20.90684931506849,F,White,2016-11-04,0,1,0
2934014,7357128,27.756164383561643,F,White,2016-03-13,0,0,0
2934116,6598254,37.6958904109589,M,White,2016-09-25,0,0,0
2934677,7386847,22.624657534246577,M,White,2016-03-04,0,0,0
2938538,7144592,42.79178082191781,F,White,2016-05-10,0,0,0
2946289,4577434,24.71232876712329,M,White,2017-12-29,0,0,0
2952316,5662902,61.33698630136986,M,White,2017-06-09,0,0,0
3000544,5607185,22.46027397260274,M,mixed,2017-06-21,0,0,0
3007259,2989464,45.28767123287671,F,mixed,2018-09-20,0,0,0
3054080,6676974,23.698630136986303,F,mixed,2016-09-02,0,0,0
3054529,3242748,21.95342465753425,M,Black,2018-08-01,0,1,0
3063044,6850396,24.063013698630137,F,mixed,2016-07-13,0,0,0
3071637,5672065,42.41917808219178,F,mixed,2017-06-07,0,0,0
3074655,6891149,58.4,M,Asian,2016-07-04,0,0,0
3077859,6489288,21.63287671232877,M,Black,2016-10-28,0,0,0
3088723,7026991,20.778082191780825,M,Black,2016-05-22,0,0,0
3097517,3864977,37.23561643835617,M,,2018-04-26,0,0,1
3098802,5984092,26.147945205479452,M,Black,2017-03-22,0,0,0
3099500,5103520,19.46027397260274,M,,2017-09-28,0,1,0
3102375,5741406,55.772602739726025,M,mixed,2017-05-23,0,0,0
3103734,6101374,23.493150684931507,M,mixed,2017-02-17,0,0,0
3118094,5959056,18.19178082191781,M,Black,2017-03-29,0,0,0
3120306,5097627,35.66575342465753,F,Black,2017-09-29,0,0,0
3120789,4550413,32.83835616438356,M,Black,2018-01-06,0,0,1
3121881,4263198,31.095890410958905,M,mixed,2018-02-28,0,1,1
3143337,2693604,28.542465753424658,M,Black,2018-11-15,0,0,0
3166359,2903760,33.0986301369863,M,mixed,2018-10-06,0,0,0
3178940,6922904,24.65205479452055,M,Black,2016-06-23,0,0,0
3185585,6326198,50.45205479452055,M,Black,2016-12-17,0,0,0
3191484,4985620,26.04109589041096,M,White,2017-10-19,0,0,0
3191875,5470465,20.08219178082192,M,White,2017-07-23,0,0,0
3192434,4951883,56.33424657534247,M,White,2017-10-25,0,0,0
3192537,5291769,49.96986301369863,M,White,2017-08-26,0,0,0
3192705,5328078,50.26027397260274,M,White,2017-08-20,0,0,0
3198323,6743620,19.964383561643835,M,White,2016-08-15,0,0,0
3198370,6916329,40.895890410958906,M,White,2016-06-25,0,0,0
3198569,6798050,18.86027397260274,M,White,2016-07-29,0,0,0
3211663,4741424,47.90958904109589,M,White,2017-11-28,0,0,0
3212405,6143190,27.942465753424656,M,Black,2017-02-08,0,0,1
3216126,5728325,46.04109589041096,M,White,2017-05-26,0,0,0
3218878,5689836,33.95616438356164,F,White,2017-06-02,1,1,0
3223578,7003161,41.298630136986304,F,Asian,2016-05-30,0,0,0
3228132,2644843,28.895890410958906,F,White,2018-11-25,0,0,0
3231517,3512764,28.975342465753425,M,Black,2018-06-30,0,1,0
3243981,7603993,59.67397260273973,M,White,2016-01-02,0,0,0
3249428,6650503,32.221917808219175,M,Black,2016-09-10,0,0,0
3249683,7005361,34.47123287671233,M,White,2016-05-28,0,0,0
3250583,6670200,35.484931506849314,M,White,2016-09-05,0,0,0
3328849,3681550,18.068493150684933,M,Black,2018-05-30,0,0,0
3352529,6940518,19.676712328767124,F,White,2016-06-17,0,0,0
3352613,6944236,18.4027397260274,M,Black,2016-06-16,0,0,0
3353632,7525705,24.649315068493152,M,Black,2016-01-28,0,0,0
3354887,5707539,19.424657534246577,F,White,2017-05-30,0,0,0
3355630,6055461,60.701369863013696,F,White,2017-03-02,0,0,0
3357315,5592644,19.93972602739726,M,White,2017-06-26,0,0,0
3357477,5289777,39.53150684931507,M,White,2017-08-28,0,0,0
3359578,3506084,20.778082191780825,M,Black,2018-07-03,0,0,0
3359933,4513810,41.71232876712329,M,White,2018-01-14,0,0,0
3362946,3594673,18.60821917808219,M,White,2018-06-15,0,0,0
3363012,3601979,23.39178082191781,M,Black,2018-06-14,0,0,0
3370039,5339587,79.18082191780822,M,White,2017-08-17,0,0,0
3381394,6647303,44.915068493150685,,,2016-09-12,0,0,0
3383502,6577014,46.010958904109586,,,2016-10-02,0,0,0
3385400,7255596,48.52054794520548,M,Black,2016-04-09,0,0,0
3389220,5847328,33.04383561643836,M,White,2017-04-25,0,0,0
3389950,5937027,18.304109589041097,M,White,2017-04-02,0,0,0
3458193,6588601,25.621917808219177,M,Black,2016-09-28,0,0,0
3462861,6676950,71.27123287671233,M,Black,2016-09-02,0,0,0
3474214,5585491,43.20273972602739,M,Black,2017-06-27,0,0,0
3515003,6870397,50.06301369863014,M,mixed,2016-07-07,0,0,0
3553403,6879917,45.67671232876712,F,Black,2016-07-06,0,0,0
3553588,7424662,29.301369863013697,M,mixed,2016-02-23,0,0,0
3561023,6988269,28.46027397260274,F,Black,2016-06-03,0,0,0
3570780,6097696,32.78082191780822,M,Black,2017-02-18,0,0,0
3576545,3447120,59.85753424657534,M,,2018-07-12,0,0,0
3585475,5625542,24.156164383561645,F,Black,2017-06-19,0,0,0
3587248,5684213,34.178082191780824,M,,2017-06-04,0,0,0
3587427,5694673,35.38904109589041,M,mixed,2017-06-01,0,0,0
3593307,3702546,40.92876712328767,F,mixed,2018-05-27,0,0,0
3604266,3090561,36.63013698630137,M,Black,2018-09-01,0,0,0
3605472,3869807,21.052054794520547,F,Black,2018-04-25,0,1,0
3605768,3216012,43.00821917808219,F,,2018-08-07,0,0,0
3664742,7478500,21.77260273972603,M,Black,2016-02-10,0,1,0
3667430,6623308,48.88767123287671,M,Black,2016-09-19,0,1,1
3668762,5918533,29.13150684931507,M,Black,2017-04-07,0,1,0
